age_group,avg_rating
50+,4.4186550976138825
26-35,4.308665401644529
36-50,4.4359375
18-25,4.312318137730359
